run,elapsed,cpu_user,cpu_nice,cpu_system,cpu_idle,cpu_iowait,cpu_irq,cpu_softirq,cpu_steal,cpu_guest,cpu_guest_nice,vm_nr_dirty
13,1000,0.208121827411,0.0,0.0355329949239,0.751269035533,0.0,0.0,0.00507614213198,0.0,0.0,0.0,173
13,2000,0.22,0.0,0.0225,0.75,0.0025,0.0025,0.0025,0.0,0.0,0.0,174
13,3000,0.224252491694,0.0,0.0249169435216,0.744186046512,0.00166112956811,0.00166112956811,0.00332225913621,0.0,0.0,0.0,174
13,4000,0.227215980025,0.0,0.0262172284644,0.740324594257,0.00124843945069,0.00124843945069,0.00374531835206,0.0,0.0,0.0,174
13,5000,0.233766233766,0.0,0.021978021978,0.737262737263,0.000999000999001,0.001998001998,0.003996003996,0.0,0.0,0.0,174
13,6000,0.266666666667,0.0,0.0408333333333,0.645,0.0383333333333,0.0025,0.00666666666667,0.0,0.0,0.0,75
13,7000,0.270629370629,0.0,0.0517482517483,0.541258741259,0.124475524476,0.0027972027972,0.00909090909091,0.0,0.0,0.0,10
13,8000,0.294559099437,0.0,0.0687929956223,0.484052532833,0.137585991245,0.00312695434647,0.0118824265166,0.0,0.0,0.0,80
13,9000,0.301278488049,0.0,0.0778210116732,0.430239021679,0.173985547526,0.00389105058366,0.0127848804892,0.0,0.0,0.0,448
13,10000,0.308808808809,0.0,0.0875875875876,0.387387387387,0.197697697698,0.004004004004,0.0145145145145,0.0,0.0,0.0,414
13,11000,0.309512972235,0.0,0.094674556213,0.352298588985,0.22439690487,0.00409649522076,0.0150204824761,0.0,0.0,0.0,457
13,12000,0.312473925741,0.0,0.09887359199,0.322903629537,0.245723821443,0.00417188151856,0.0158531497705,0.0,0.0,0.0,313
13,13000,0.310623556582,0.0,0.105465742879,0.29792147806,0.264819091609,0.00461893764434,0.0165511932256,0.0,0.0,0.0,152
13,14000,0.312365975697,0.0,0.110078627591,0.276626161544,0.279127948535,0.00464617583989,0.0171551107934,0.0,0.0,0.0,345
13,15000,0.315648982316,0.0,0.115115115115,0.258258258258,0.288621955289,0.00467133800467,0.0176843510177,0.0,0.0,0.0,150
13,16000,0.316776007498,0.0,0.120899718838,0.242736644799,0.295845048422,0.00499843798813,0.0187441424555,0.0,0.0,0.0,407
13,17000,0.316671567186,0.0,0.123787121435,0.228462216995,0.306968538665,0.00499852984416,0.0191120258747,0.0,0.0,0.0,328
13,18000,0.311024715357,0.0,0.122465981672,0.215773396279,0.326853651763,0.00499861149681,0.0188836434324,0.0,0.0,0.0,610
13,19000,0.311924190576,0.0,0.124506449066,0.204527507239,0.334824953935,0.00500131613583,0.0192155830482,0.0,0.0,0.0,609
13,20000,0.308827206802,0.0,0.129032258065,0.194298574644,0.342835708927,0.00525131282821,0.0197549387347,0.0,0.0,0.0,485
13,21000,0.304927398239,0.0,0.131635324923,0.184955962866,0.353249226375,0.00523684836944,0.0199952392288,0.0,0.0,0.0,215
13,22000,0.303044070877,0.0,0.131531122217,0.176510676965,0.363471149478,0.00522489777374,0.0202180826897,0.0,0.0,0.0,456
13,23000,0.30175972192,0.0,0.132739517706,0.169020204215,0.370845101021,0.00521399087552,0.0204214642624,0.0,0.0,0.0,384
13,24000,0.299812617114,0.0,0.133041848844,0.161982094524,0.379554445138,0.00520508015823,0.0204039142203,0.0,0.0,0.0,472
13,25000,0.298280687725,0.0,0.133146741303,0.155537784886,0.387445021991,0.00519792083167,0.0203918432627,0.0,0.0,0.0,467
13,26000,0.298481645205,0.0,0.134537766673,0.149529117817,0.391504901019,0.00538151066692,0.02056505862,0.0,0.0,0.0,390
13,27000,0.298352766981,0.0,0.135480288728,0.143994077364,0.396076253933,0.00536738848788,0.0207292245049,0.0,0.0,0.0,336
13,28000,0.298643341664,0.0,0.136379864334,0.138878971796,0.399678686184,0.0053552302749,0.0210639057479,0.0,0.0,0.0,547
13,29000,0.299017071909,0.0,0.138127263321,0.134161062252,0.401793412657,0.00551819279186,0.0213829970685,0.0,0.0,0.0,387
13,30000,0.298149074537,0.0,0.137902284476,0.129731532433,0.407203601801,0.00550275137569,0.0215107553777,0.0,0.0,0.0,146
13,31000,0.298806066473,0.0,0.139238464021,0.125685705066,0.409002904163,0.0054856405292,0.0217812197483,0.0,0.0,0.0,228
13,32000,0.298091961214,0.0,0.14075695965,0.122145761652,0.411323115421,0.00563027838599,0.0220519236784,0.0,0.0,0.0,152
13,33000,0.296223267101,0.0,0.139238586379,0.118458971637,0.418625815259,0.00561201274079,0.0218413468831,0.0,0.0,0.0,441
13,34000,0.296187251583,0.0,0.141469159429,0.114971293979,0.419696746651,0.00559399381716,0.0220815545414,0.0,0.0,0.0,249
13,35000,0.297784131523,0.0,0.143245175125,0.111651179414,0.419299499643,0.00571837026447,0.0223016440315,0.0,0.0,0.0,529
13,36000,0.297053099805,0.0,0.144564915207,0.108701695858,0.421462329719,0.00569919377259,0.022518765638,0.0,0.0,0.0,494
13,37000,0.298580121704,0.0,0.145503718729,0.105747126437,0.421636240703,0.00581473968898,0.0227180527383,0.0,0.0,0.0,313
13,38000,0.297432521396,0.0,0.145753785385,0.102962475313,0.425279789335,0.00579328505596,0.0227781435155,0.0,0.0,0.0,193
13,39000,0.295355401591,0.0,0.144983320503,0.100333589941,0.430972542982,0.00577367205543,0.0225814729279,0.0,0.0,0.0,205
13,40000,0.295559724828,0.0,0.15009380863,0.0978111319575,0.428267667292,0.0057535959975,0.0225140712946,0.0,0.0,0.0,193
13,41000,0.296766320927,0.0,0.155582672361,0.0954240390482,0.423917022575,0.00573520439292,0.0225747406955,0.0,0.0,0.0,183
13,42000,0.297033241987,0.0,0.15739306565,0.0969855832241,0.420231145002,0.00571905159061,0.0226379125462,0.0,0.0,0.0,427
13,43000,0.297218666356,0.0,0.157919236588,0.0964738740836,0.419643896195,0.00570231583847,0.0230420109391,0.0,0.0,0.0,98
13,44000,0.296793268137,0.0,0.157607459632,0.0943825335456,0.422333409143,0.00579940868774,0.0230839208551,0.0,0.0,0.0,181
13,45000,0.295262455516,0.0,0.156472419929,0.0923042704626,0.427268683274,0.00578291814947,0.022909252669,0.0,0.0,0.0,613
13,46000,0.294028064832,0.0,0.155879473512,0.0902860872403,0.431088871968,0.00576525617318,0.0229522462743,0.0,0.0,0.0,734
13,47000,0.293992330635,0.0,0.155943757989,0.0884107371112,0.432893054964,0.00575202386025,0.023008095441,0.0,0.0,0.0,519
13,48000,0.293774116175,0.0,0.157472103452,0.0866617999791,0.432996141412,0.00584002502868,0.0232558139535,0.0,0.0,0.0,212
13,49000,0.292603187577,0.0,0.157744176543,0.0848998774009,0.435635472007,0.00582345729465,0.0232938291786,0.0,0.0,0.0,484
13,50000,0.290978271753,0.0,0.157404626014,0.0832081706218,0.439471312707,0.00580754981476,0.0231300690898,0.0,0.0,0.0,503
13,51000,0.289445262641,0.0,0.156013745704,0.0815905743741,0.444182621502,0.00569464899362,0.0230731467845,0.0,0.0,0.0,416
13,52000,0.288231895223,0.0,0.15562403698,0.0800269645609,0.447226502311,0.0057781201849,0.0231124807396,0.0,0.0,0.0,701
13,53000,0.289075789076,0.0,0.156586656587,0.0786240786241,0.446607446607,0.00576450576451,0.0233415233415,0.0,0.0,0.0,331
13,54000,0.288616754801,0.0,0.157250208739,0.0779293069858,0.446980239354,0.00575192503943,0.0234715650802,0.0,0.0,0.0,253
13,55000,0.288915201749,0.0,0.157573549504,0.076509700337,0.447672829948,0.00582931050187,0.0234994079607,0.0,0.0,0.0,594
13,56000,0.288781535158,0.0,0.158167829665,0.0751476113795,0.44847020934,0.0058149937377,0.0236178207193,0.0,0.0,0.0,580
13,57000,0.288564647974,0.0,0.158741320207,0.0739210688231,0.449151797486,0.00588907444845,0.0237320910609,0.0,0.0,0.0,167
13,58000,0.289896373057,0.0,0.159844559585,0.0727115716753,0.447668393782,0.00587219343696,0.0240069084629,0.0,0.0,0.0,76
13,59000,0.289533995416,0.0,0.160003395298,0.0714710126475,0.449112978525,0.00594177064765,0.0239368474663,0.0,0.0,0.0,651
13,60000,0.289207912528,0.0,0.159502545697,0.0702779400718,0.451130957349,0.0059260495785,0.0239545947751,0.0,0.0,0.0,298
13,61000,0.289104195747,0.0,0.15961901634,0.0697101568273,0.451679119796,0.00591181541999,0.0239756958699,0.0,0.0,0.0,274
13,62000,0.288910427268,0.0,0.160083999677,0.0686535821016,0.452305952669,0.00597690008885,0.0240691381956,0.0,0.0,0.0,139
13,63000,0.288417203275,0.0,0.160028619127,0.0675729390254,0.4539311551,0.0059623181493,0.0240877653232,0.0,0.0,0.0,348
13,64000,0.287502934502,0.0,0.159636904296,0.06651537679,0.456373738164,0.00594725721887,0.0240237890289,0.0,0.0,0.0,601
13,65000,0.287024194791,0.0,0.159038372631,0.065495453845,0.458468176915,0.0059331175836,0.0240406842349,0.0,0.0,0.0,253
13,66000,0.286288792776,0.0,0.158889141817,0.0648000607026,0.460050079672,0.00591850671523,0.024053418317,0.0,0.0,0.0,304
13,67000,0.285490020184,0.0,0.16005083352,0.0639904313374,0.46034237871,0.00598041414368,0.0241459221051,0.0,0.0,0.0,357
13,68000,0.285177545307,0.0,0.160306468248,0.0630617356711,0.461249447473,0.00596729040813,0.0242375128923,0.0,0.0,0.0,255
13,69000,0.285537970089,0.0,0.160447219399,0.0621460723101,0.461594308117,0.00602584579643,0.0242485842892,0.0,0.0,0.0,327
13,70000,0.285622271524,0.0,0.160380734273,0.0612610033636,0.462463322121,0.00601159378802,0.0242610749302,0.0,0.0,0.0,378
13,71000,0.285099477917,0.0,0.161281219134,0.0604628192465,0.462748694793,0.00599689572457,0.0244108931847,0.0,0.0,0.0,283
13,72000,0.284879270754,0.0,0.161923317793,0.059703569689,0.46294621112,0.00605385846496,0.0244937721801,0.0,0.0,0.0,330
13,73000,0.285165099197,0.0,0.162353264227,0.0589002539988,0.462964234228,0.00604105169218,0.0245760966568,0.0,0.0,0.0,38
13,74000,0.284891988894,0.0,0.161982799485,0.0581025259023,0.464413895849,0.00602695198754,0.0245818378818,0.0,0.0,0.0,570
13,75000,0.284998329435,0.0,0.162913464751,0.0573337788172,0.463949214835,0.0060808553291,0.0247243568326,0.0,0.0,0.0,363
13,76000,0.284989122553,0.0,0.164018722394,0.0566945744611,0.46331333641,0.00613092491265,0.0248533192696,0.0,0.0,0.0,172
13,77000,0.28510998308,0.0,0.164323831837,0.0559677209423,0.463620981387,0.00611740205649,0.0248600806976,0.0,0.0,0.0,233
13,78000,0.28491584222,0.0,0.163882821534,0.0552486187845,0.46498779391,0.00610304509829,0.024861878453,0.0,0.0,0.0,696
13,79000,0.285089110167,0.0,0.164076869411,0.054544301389,0.465275575569,0.00615208980783,0.0248620536564,0.0,0.0,0.0,309
13,80000,0.285347365783,0.0,0.164317484182,0.053937229844,0.465263421663,0.00613919689281,0.024995301635,0.0,0.0,0.0,44
13,81000,0.28521039604,0.0,0.164542079208,0.0533415841584,0.465655940594,0.00618811881188,0.0250618811881,0.0,0.0,0.0,308
13,82000,0.284902200489,0.0,0.16424205379,0.0526894865526,0.466931540342,0.00617359413203,0.0250611246944,0.0,0.0,0.0,690
13,83000,0.283833564829,0.0,0.163596835558,0.052056283592,0.469412404131,0.00615979225799,0.0249411196328,0.0,0.0,0.0,967
13,84000,0.283174224344,0.0,0.163007159905,0.0514319809069,0.47130071599,0.00614558472554,0.0249403341289,0.0,0.0,0.0,648
13,85000,0.282943222687,0.0,0.163551677378,0.0508814338777,0.471493426095,0.00613171393196,0.0249985260303,0.0,0.0,0.0,186
13,86000,0.282550413801,0.0,0.163946846952,0.0503555192913,0.471966429654,0.00617787620935,0.0250029140926,0.0,0.0,0.0,263
13,87000,0.282191622976,0.0,0.163334677652,0.0497781874748,0.473584144725,0.00616465979144,0.0249467073803,0.0,0.0,0.0,687
13,88000,0.28239448653,0.0,0.16323973344,0.0492111408555,0.473998974768,0.00615139260694,0.0250042718004,0.0,0.0,0.0,393
13,89000,0.282930675227,0.0,0.163372191249,0.0486568677141,0.473728670384,0.00619474010249,0.0251168553247,0.0,0.0,0.0,251
13,90000,0.282858097572,0.0,0.16362218757,0.0482846959234,0.473880597015,0.00618177767877,0.0251726442415,0.0,0.0,0.0,238
13,91000,0.283337923437,0.0,0.164252272101,0.0477554392729,0.473092811898,0.00622418066648,0.0253373726246,0.0,0.0,0.0,258
13,92000,0.283410514846,0.0,0.164151457369,0.0472350858077,0.473712884773,0.0062108417325,0.0252792154726,0.0,0.0,0.0,574
13,93000,0.283689090125,0.0,0.164079344545,0.0467335058215,0.474018973696,0.00619879258301,0.0252802932298,0.0,0.0,0.0,765
13,94000,0.284167866475,0.0,0.1640804138,0.0477790220231,0.472457740095,0.00618567695835,0.0253292806484,0.0,0.0,0.0,223
13,95000,0.284033968036,0.0,0.164618387046,0.0490004747086,0.470699931431,0.00622395695976,0.0254232818187,0.0,0.0,0.0,322
13,96000,0.284073706739,0.0,0.164535156862,0.0492248264342,0.470532964452,0.00621182857441,0.025421516939,0.0,0.0,0.0,237
13,97000,0.284622139573,0.0,0.16472958314,0.0487628493207,0.470168913684,0.00625032284725,0.0254661914355,0.0,0.0,0.0,191
13,98000,0.284881640166,0.0,0.164221074697,0.0482642261874,0.470934096835,0.00623753770643,0.0254614244082,0.0,0.0,0.0,301
13,99000,0.284412955466,0.0,0.164068825911,0.0478238866397,0.47201417004,0.00622469635628,0.025455465587,0.0,0.0,0.0,624
13,100000,0.284096602866,0.0,0.164495440425,0.047349433811,0.472291812807,0.00621304739954,0.0255536626917,0.0,0.0,0.0,290
13,101000,0.283659093164,0.0,0.164252405993,0.046879650759,0.473459668618,0.00620101200516,0.0255481694613,0.0,0.0,0.0,293
13,102000,0.283454509727,0.0,0.163489880134,0.0464236588721,0.474945961879,0.00618982118294,0.0254961682059,0.0,0.0,0.0,454
13,103000,0.283545781843,0.0,0.16337452564,0.0459764522721,0.475430573124,0.00617884596672,0.025493821154,0.0,0.0,0.0,290
13,104000,0.283869724417,0.0,0.163711697822,0.0455771825014,0.474995182116,0.00621507034111,0.0256311428021,0.0,0.0,0.0,61
13,105000,0.284562157003,0.0,0.164256740635,0.0451443569554,0.474063469339,0.00625149129086,0.0257217847769,0.0,0.0,0.0,207
13,106000,0.284789185101,0.0,0.164539610512,0.0447154471545,0.473955379089,0.00623936471923,0.0257610134241,0.0,0.0,0.0,180
13,107000,0.284784339437,0.0,0.16456703976,0.0443029082565,0.474359574767,0.00622863297897,0.0257575048003,0.0,0.0,0.0,315
13,108000,0.284819523058,0.0,0.164888187807,0.0439825554421,0.474250719124,0.00626333859144,0.0257956759766,0.0,0.0,0.0,436
13,109000,0.284761817179,0.0,0.1648887254,0.0435902151922,0.474664336951,0.00625344859297,0.0258414566857,0.0,0.0,0.0,258
13,110000,0.284907293517,0.0,0.164593868161,0.0431870985377,0.475149195936,0.00628672953396,0.0258758143137,0.0,0.0,0.0,191
13,111000,0.284798410763,0.0,0.16434150526,0.0428010293918,0.475958282541,0.0062756783602,0.0258250936837,0.0,0.0,0.0,377
13,112000,0.284934448969,0.0,0.164302653363,0.0424180052799,0.476262920041,0.0062642623831,0.0258177099647,0.0,0.0,0.0,517
13,113000,0.284941228654,0.0,0.164737192282,0.0420935905966,0.476114437791,0.00625415834997,0.0258593923265,0.0,0.0,0.0,182
13,114000,0.284878863826,0.0,0.165149716396,0.0417710944027,0.476014597898,0.00628764894693,0.0258980785297,0.0,0.0,0.0,312
13,115000,0.284618402127,0.0,0.165235583838,0.0414505513664,0.476485202458,0.00627642418167,0.0259338360284,0.0,0.0,0.0,300
13,116000,0.28420188402,0.0,0.164938207588,0.0410941145968,0.47761645493,0.0062656641604,0.025883674704,0.0,0.0,0.0,646
13,117000,0.285083961618,0.0,0.165181631254,0.0407385195339,0.476696367375,0.00629712131597,0.0260023989034,0.0,0.0,0.0,155
13,118000,0.285465511383,0.0,0.165222562012,0.0404774040095,0.476469588855,0.00628610261638,0.0260788311247,0.0,0.0,0.0,201
13,119000,0.284926083477,0.0,0.165353999073,0.0402223813334,0.477109042665,0.00631765151834,0.0260708419324,0.0,0.0,0.0,347
13,120000,0.284801403333,0.0,0.165100446895,0.0398863968592,0.47788497682,0.00630664494842,0.0260201311448,0.0,0.0,0.0,972
13,121000,0.28438884977,0.0,0.164561156443,0.0395559789587,0.479269353436,0.00625440086153,0.025970260531,0.0,0.0,0.0,663
13,122000,0.284464344397,0.0,0.164229378902,0.0392293789024,0.479912914887,0.00624383831745,0.0259201445942,0.0,0.0,0.0,258
13,123000,0.284160351992,0.0,0.164222276542,0.038947282653,0.480444879003,0.0062739346533,0.0259512751568,0.0,0.0,0.0,694
13,124000,0.284005495838,0.0,0.16447102562,0.038672916835,0.480562515154,0.00626363856785,0.0260244079851,0.0,0.0,0.0,176
13,125000,0.283813036158,0.0,0.164395093402,0.0384029503728,0.481159304097,0.00625350757636,0.0259761083941,0.0,0.0,0.0,191
13,126000,0.283555378803,0.0,0.16408828793,0.0380990256512,0.482083913303,0.00624378604096,0.025929608272,0.0,0.0,0.0,826
13,127000,0.283397774797,0.0,0.163812830427,0.0377968910282,0.482837528604,0.00623372524264,0.0259212499014,0.0,0.0,0.0,589
13,128000,0.283175448211,0.0,0.163665544508,0.0375009786268,0.483559069913,0.00622406639004,0.0258748923511,0.0,0.0,0.0,286
13,129000,0.283017402113,0.0,0.163805158484,0.0379894344313,0.483025170914,0.00625388440025,0.0259089496582,0.0,0.0,0.0,333
13,130000,0.28295559667,0.0,0.164045636756,0.0383132901634,0.482462226334,0.00624421831637,0.0259790317607,0.0,0.0,0.0,42
13,131000,0.282807420157,0.0,0.164084911073,0.0380187416332,0.482883916619,0.00623446165615,0.0259705488621,0.0,0.0,0.0,578
13,132000,0.28255836022,0.0,0.164091858038,0.0377301195673,0.483431391156,0.0062630480167,0.0259252230025,0.0,0.0,0.0,453
13,133000,0.28223770955,0.0,0.164061028442,0.0374458466755,0.484121303447,0.00625353173856,0.0258805801469,0.0,0.0,0.0,198
13,134000,0.281767542712,0.0,0.164529515122,0.0371976522487,0.484317170735,0.00624322404576,0.0259448951363,0.0,0.0,0.0,349
13,135000,0.281499350529,0.0,0.16474299499,0.0369641863054,0.484579699388,0.00623492299128,0.025978845797,0.0,0.0,0.0,245
13,136000,0.281277630416,0.0,0.164382552314,0.0367300324197,0.485411140584,0.00626289419393,0.0259357500737,0.0,0.0,0.0,832
13,137000,0.280902574605,0.0,0.163984786425,0.0364613809245,0.486541837332,0.00621708601521,0.0258923346987,0.0,0.0,0.0,792
13,138000,0.280424048795,0.0,0.163592796979,0.0361966308452,0.487728724949,0.00620824862039,0.0258495498112,0.0,0.0,0.0,469
13,139000,0.280080743998,0.0,0.163398457213,0.036947588494,0.487527935982,0.00619998558143,0.0258452887319,0.0,0.0,0.0,590
13,140000,0.279865435545,0.0,0.163803593157,0.0372557440412,0.486937227113,0.00622718488297,0.0259108152602,0.0,0.0,0.0,287
13,141000,0.279714316171,0.0,0.16377074228,0.036989659951,0.487403617241,0.00621824254699,0.02590342181,0.0,0.0,0.0,553
13,142000,0.279594933136,0.0,0.163861543347,0.0367312374299,0.487738611905,0.00621008433012,0.0258635898522,0.0,0.0,0.0,506
13,143000,0.279342723005,0.0,0.16389881578,0.0364725667437,0.488227874711,0.00620138742905,0.0258566323313,0.0,0.0,0.0,216
13,144000,0.279107801517,0.0,0.164312060686,0.0362586122903,0.488203772009,0.00622868675621,0.0258890667409,0.0,0.0,0.0,259
13,145000,0.279113967793,0.0,0.164627825005,0.0360080171401,0.488112516414,0.00622019489944,0.0259174787477,0.0,0.0,0.0,214
13,146000,0.279144788771,0.0,0.164418820138,0.0357596348536,0.488520539483,0.00624592470572,0.0259102920485,0.0,0.0,0.0,426
13,147000,0.279485955822,0.0,0.16433733297,0.0355194982274,0.488478320153,0.00623806926643,0.0259408235615,0.0,0.0,0.0,285
13,148000,0.279799586987,0.0,0.164257422391,0.0352753986255,0.48843901283,0.00626290666576,0.0259656725008,0.0,0.0,0.0,167
13,149000,0.279597739809,0.0,0.164368357325,0.0350800484327,0.4886990448,0.00625588591417,0.0259989237186,0.0,0.0,0.0,218
13,150000,0.279858350316,0.0,0.164467310326,0.0348444860188,0.488524371095,0.00624728560452,0.0260581966392,0.0,0.0,0.0,312
13,151000,0.279783633105,0.0,0.164233092188,0.0346452512113,0.48901572974,0.00627198513307,0.0260503086215,0.0,0.0,0.0,978
13,152000,0.279506791507,0.0,0.164183041013,0.0344190953449,0.489614928129,0.00626401160491,0.0260121324014,0.0,0.0,0.0,377
13,153000,0.279706537403,0.0,0.164122887462,0.0341936329097,0.489682955588,0.00625573169134,0.0260382549456,0.0,0.0,0.0,508
13,154000,0.279685008623,0.0,0.164361719436,0.034004750903,0.48960333214,0.00624776284534,0.0260974260519,0.0,0.0,0.0,172
13,155000,0.279577191621,0.0,0.164468580295,0.0338117403672,0.489753038531,0.00627101111973,0.0261184380657,0.0,0.0,0.0,375
13,156000,0.279772610483,0.0,0.16443987667,0.0335945529291,0.489818859198,0.00626284686536,0.0261112538541,0.0,0.0,0.0,400
13,157000,0.280557860471,0.0,0.164868832578,0.0333822684624,0.488734282249,0.00628710027446,0.0261696559648,0.0,0.0,0.0,85
13,158000,0.280586034122,0.0,0.167787150377,0.0331705460772,0.486173653834,0.00624722521723,0.0260353903723,0.0,0.0,0.0,25
13,159000,0.281361273042,0.0,0.169119268946,0.0329919647077,0.484134236647,0.00627067906097,0.0261225775957,0.0,0.0,0.0,154
13,160000,0.28184493988,0.0,0.169244739479,0.0327843186373,0.483686122244,0.00629383767535,0.0261460420842,0.0,0.0,0.0,427
13,161000,0.281802340055,0.0,0.169187204381,0.0325802837939,0.484005476724,0.006285785412,0.0261389096341,0.0,0.0,0.0,610
13,162000,0.281985464667,0.0,0.168950054121,0.0323797742384,0.484304932735,0.00627802690583,0.0261017473326,0.0,0.0,0.0,402
13,163000,0.281810917138,0.0,0.16892058028,0.0328866486354,0.483986968281,0.00626997787067,0.0261249077944,0.0,0.0,0.0,540
13,164000,0.281734029878,0.0,0.169064858094,0.0332386276846,0.48348761189,0.0062933431094,0.0261815293435,0.0,0.0,0.0,305
13,165000,0.281541311147,0.0,0.168827619713,0.0330367716272,0.484164819482,0.00628548871952,0.0261439893116,0.0,0.0,0.0,316
13,166000,0.281781963057,0.0,0.168658698539,0.0328383435953,0.484275021128,0.00627791862852,0.0261680550525,0.0,0.0,0.0,406
13,167000,0.281891275651,0.0,0.16872674907,0.0326413056522,0.484249369975,0.00630025201008,0.0261910476419,0.0,0.0,0.0,290
13,168000,0.281965648855,0.0,0.16874403626,0.0329496660305,0.483808444656,0.00629174618321,0.0262404580153,0.0,0.0,0.0,320
13,169000,0.282207861505,0.0,0.16879113061,0.0332602122488,0.483162388095,0.00631410446434,0.026264303077,0.0,0.0,0.0,268
13,170000,0.282321044411,0.0,0.168596941031,0.033065157811,0.483423216338,0.00630654525094,0.0262870951581,0.0,0.0,0.0,683
13,171000,0.282424633053,0.0,0.168546567838,0.0328714147599,0.483578941201,0.00629888963759,0.0262795535113,0.0,0.0,0.0,497
13,172000,0.282476989398,0.0,0.168443434696,0.0326808808109,0.483805196318,0.00629150646627,0.0263019923104,0.0,0.0,0.0,497
13,173000,0.282623805387,0.0,0.168491167101,0.0325224442514,0.483695337388,0.00631335070953,0.0263538951636,0.0,0.0,0.0,163
13,174000,0.282386478159,0.0,0.168360735984,0.0323360879956,0.484292666072,0.00630596907484,0.0263180627142,0.0,0.0,0.0,652
13,175000,0.282450615517,0.0,0.168250787289,0.0321500143143,0.484511880905,0.00629831090753,0.0263383910678,0.0,0.0,0.0,478
13,176000,0.282672435879,0.0,0.168094736542,0.0319678897777,0.484642318313,0.00629109852259,0.0263315209656,0.0,0.0,0.0,312
13,177000,0.282851725016,0.0,0.167973282767,0.0323210596326,0.484164944952,0.00631138029604,0.0263776073359,0.0,0.0,0.0,112
13,178000,0.283044885324,0.0,0.16808780076,0.0326720135078,0.483467004362,0.00630364429436,0.0264246517518,0.0,0.0,0.0,26
13,179000,0.283027843851,0.0,0.16804253533,0.0324891562894,0.483699454316,0.00632433188751,0.0264166783266,0.0,0.0,0.0,633
13,180000,0.283213669505,0.0,0.167835476151,0.0323092335949,0.483887126398,0.00631713697334,0.0264373573774,0.0,0.0,0.0,456
13,181000,0.283563501508,0.0,0.167796750893,0.0321312927241,0.483712949381,0.00633769684222,0.0264578086514,0.0,0.0,0.0,285
13,182000,0.2835989321,0.0,0.168084110863,0.0320094679768,0.483472325434,0.00633033330581,0.0265048303195,0.0,0.0,0.0,89
13,183000,0.2839350724,0.0,0.168149344428,0.0318342320642,0.483179591055,0.00635042290532,0.0265513371472,0.0,0.0,0.0,373
13,184000,0.283940870607,0.0,0.167968856342,0.0316609043639,0.483570631312,0.0063430702638,0.0265156671113,0.0,0.0,0.0,663
13,185000,0.28376475685,0.0,0.167794866241,0.0314903065093,0.484133001191,0.00633596880754,0.0264811004007,0.0,0.0,0.0,332
13,186000,0.283471141157,0.0,0.16776643594,0.0313501575588,0.484580785909,0.00632928438687,0.0265021950497,0.0,0.0,0.0,185
13,187000,0.283238233009,0.0,0.167617669908,0.0312089796137,0.485145597257,0.00632216239385,0.0264673578183,0.0,0.0,0.0,224
13,188000,0.283354206081,0.0,0.167470489488,0.0310426603427,0.485357989821,0.00631511631005,0.0264595379573,0.0,0.0,0.0,342
13,189000,0.283010365029,0.0,0.167484028312,0.0308830156668,0.485857434456,0.00630914826498,0.0264560082708,0.0,0.0,0.0,542
13,190000,0.28272334142,0.0,0.167361037865,0.0307193334036,0.486472945892,0.00630207783989,0.0264212635798,0.0,0.0,0.0,879
13,191000,0.282532854183,0.0,0.167116963513,0.0305589801432,0.487107520395,0.00629541221835,0.0263882695486,0.0,0.0,0.0,565
13,192000,0.282396534628,0.0,0.166979802724,0.0304002922603,0.487526747038,0.00631491049528,0.0263817128542,0.0,0.0,0.0,284
13,193000,0.282057937909,0.0,0.166779150659,0.0302668466411,0.488215138615,0.00630775620392,0.026373169972,0.0,0.0,0.0,284
13,194000,0.282157890659,0.0,0.166774268523,0.0301113033598,0.488262789557,0.00630116468249,0.0263925832193,0.0,0.0,0.0,223
13,195000,0.282352336665,0.0,0.166713768209,0.0299565809419,0.488297407702,0.00629447884284,0.0263854276392,0.0,0.0,0.0,320
13,196000,0.282365871738,0.0,0.166474963576,0.0298034404315,0.488663957263,0.00628786136033,0.026403905631,0.0,0.0,0.0,709
13,197000,0.282480990769,0.0,0.1664928922,0.0298044401495,0.488518170028,0.00630674160161,0.0263967652519,0.0,0.0,0.0,304
13,198000,0.2823204979,0.0,0.166523301118,0.029676668522,0.488741587816,0.00629965086272,0.0264382937813,0.0,0.0,0.0,123
13,199000,0.28240950511,0.0,0.166364597493,0.0295272617429,0.488974475155,0.00629310778835,0.0264310527111,0.0,0.0,0.0,795
13,200000,0.282522666934,0.0,0.166182437509,0.0293793518008,0.489179982968,0.00631167660171,0.0264238841857,0.0,0.0,0.0,362
13,201000,0.282360564223,0.0,0.1660519364,0.0292329163136,0.48963265713,0.00630513881274,0.0264167871206,0.0,0.0,0.0,440
13,202000,0.282310057528,0.0,0.166137671097,0.0290864907756,0.489734179726,0.00629835350129,0.0264332473716,0.0,0.0,0.0,277
13,203000,0.282400552759,0.0,0.166148455236,0.0289458098904,0.489759155069,0.00629256736749,0.0264534596782,0.0,0.0,0.0,157
13,204000,0.282420253911,0.0,0.16619600717,0.0288289173195,0.489747808364,0.00631092994131,0.0264960832945,0.0,0.0,0.0,340
13,205000,0.282237372627,0.0,0.166043545195,0.0286880238497,0.490262199741,0.0063045231288,0.0264643354593,0.0,0.0,0.0,830
13,206000,0.282111764992,0.0,0.166018189777,0.0285491950781,0.490564661252,0.0062983317932,0.0264578571081,0.0,0.0,0.0,463
13,207000,0.282053143604,0.0,0.166158462804,0.0284110159237,0.490586128455,0.00631624800348,0.02647500121,0.0,0.0,0.0,284
13,208000,0.282115505033,0.0,0.166321468137,0.0283223351476,0.490414719908,0.00630990800058,0.0265160637734,0.0,0.0,0.0,234
13,209000,0.281913618714,0.0,0.166219260822,0.0281865682374,0.490892095297,0.00630362878098,0.0264848281482,0.0,0.0,0.0,575
13,210000,0.281856781642,0.0,0.165974905777,0.0280520967511,0.491341061972,0.00629740947474,0.0264777443824,0.0,0.0,0.0,312
13,211000,0.281942927686,0.0,0.165946536252,0.0279189022364,0.491405916148,0.00631498979156,0.0264707278857,0.0,0.0,0.0,708
13,212000,0.281865872678,0.0,0.166146793327,0.0278132236873,0.491374828678,0.00630937189848,0.0264899097311,0.0,0.0,0.0,72
13,213000,0.281998212522,0.0,0.166211957289,0.0276823933393,0.491274283833,0.00630321275695,0.0265299402606,0.0,0.0,0.0,19
13,214000,0.282082494499,0.0,0.166136055059,0.0275761973875,0.491361955148,0.00632052062362,0.0265227772836,0.0,0.0,0.0,892
13,215000,0.281956288737,0.0,0.165967659257,0.0274476909455,0.491798313062,0.00631436693229,0.0265156810662,0.0,0.0,0.0,476
13,216000,0.281854445939,0.0,0.165661672619,0.0273203766408,0.492369775964,0.00630827032794,0.0264854585092,0.0,0.0,0.0,524
13,217000,0.281585447494,0.0,0.165585539832,0.0274475403403,0.492601398924,0.00630208453565,0.0264779888732,0.0,0.0,0.0,16
13,218000,0.28177493853,0.0,0.165751315578,0.0274605326654,0.492221430705,0.00629638991658,0.0264953926052,0.0,0.0,0.0,252
13,219000,0.281538074433,0.0,0.165473385639,0.0273349040419,0.492920374225,0.00629045908914,0.0264428025711,0.0,0.0,0.0,787
13,220000,0.281371678393,0.0,0.165243527563,0.0272104196553,0.49347633035,0.00628458228021,0.0264134617574,0.0,0.0,0.0,838
13,221000,0.281394505395,0.0,0.165132831626,0.02708767794,0.493698431408,0.00627890107897,0.0264076525524,0.0,0.0,0.0,497
13,222000,0.281300776313,0.0,0.165147138473,0.0269904314858,0.493816573389,0.00629626286333,0.0264488174761,0.0,0.0,0.0,162
13,223000,0.281307571332,0.0,0.165266232307,0.0268928330712,0.493776679398,0.00629072118625,0.026465962705,0.0,0.0,0.0,139
13,224000,0.281180101995,0.0,0.165182965017,0.0267737317706,0.494117383913,0.00628522859444,0.026460588709,0.0,0.0,0.0,517
13,225000,0.28095842519,0.0,0.165096755517,0.0266550871802,0.494577682767,0.00627964459884,0.0264324047476,0.0,0.0,0.0,941
13,226000,0.28068814153,0.0,0.164941139956,0.0265369011462,0.495133792981,0.00627397078059,0.0264260536059,0.0,0.0,0.0,698
13,227000,0.280495342369,0.0,0.164959604432,0.0265551189793,0.495298220829,0.00626903889453,0.0264226744956,0.0,0.0,0.0,690
13,228000,0.28019164414,0.0,0.165073295092,0.0264389793631,0.495571525901,0.00626359860223,0.026460956902,0.0,0.0,0.0,151
13,229000,0.280115538633,0.0,0.165036434058,0.0263244272304,0.495787653997,0.00628022495022,0.0264557211318,0.0,0.0,0.0,59
13,230000,0.280049674285,0.0,0.1650362753,0.0262097213447,0.495980304582,0.00627464650646,0.0264493779821,0.0,0.0,0.0,615
13,231000,0.280157920996,0.0,0.164949348142,0.0260960107595,0.496084513764,0.00626911646673,0.0264430898718,0.0,0.0,0.0,295
13,232000,0.280126142083,0.0,0.164891893643,0.0260060047087,0.496252456963,0.00626390478865,0.0264595978141,0.0,0.0,0.0,330
13,233000,0.280178068346,0.0,0.164949783866,0.0259145357965,0.496204219446,0.00627970493989,0.0264736876062,0.0,0.0,0.0,463
13,234000,0.280103646915,0.0,0.164978478275,0.0258260701972,0.496327387198,0.00627449300812,0.0264899244063,0.0,0.0,0.0,291
13,235000,0.280060558245,0.0,0.164999893383,0.0257159306565,0.496470989616,0.00626905772224,0.0264835703776,0.0,0.0,0.0,667
13,236000,0.280045014439,0.0,0.164812298284,0.0256072702565,0.496815016137,0.00626380159674,0.0264565992866,0.0,0.0,0.0,335
13,237000,0.280123475062,0.0,0.164809607375,0.0254984459902,0.496860265979,0.00625832505233,0.0264498805421,0.0,0.0,0.0,305
13,238000,0.28031323678,0.0,0.164807174133,0.0256188952509,0.496505557427,0.00627315594476,0.0264819804648,0.0,0.0,0.0,229
13,239000,0.280302712675,0.0,0.164731038531,0.0259527902394,0.496268500273,0.00626808100289,0.0264768772798,0.0,0.0,0.0,168
13,240000,0.280399974949,0.0,0.164707847108,0.0258438928668,0.496294595328,0.00626265578356,0.0264910339645,0.0,0.0,0.0,588
13,241000,0.28055878929,0.0,0.164809579245,0.025735905538,0.496133377682,0.00627806419425,0.0264842840512,0.0,0.0,0.0,487
13,242000,0.280571369423,0.0,0.164869061174,0.0257323258462,0.496056308871,0.00627264258358,0.0264982921023,0.0,0.0,0.0,688
13,243000,0.280413136248,0.0,0.165110190282,0.0256251675016,0.496072731771,0.00626713670192,0.0265116374956,0.0,0.0,0.0,191
13,244000,0.280323560811,0.0,0.164942103966,0.0255194218609,0.496448222058,0.00628233555063,0.0264843557526,0.0,0.0,0.0,616
13,245000,0.280404023882,0.0,0.1647787683,0.02541506502,0.496646765355,0.00627709168234,0.026478285761,0.0,0.0,0.0,596
13,246000,0.280245178895,0.0,0.16466084265,0.0253120736351,0.497057445985,0.00627201824587,0.0264524405889,0.0,0.0,0.0,286
13,247000,0.279954571266,0.0,0.164476352722,0.0252088910522,0.497688001947,0.00626673156486,0.026405451448,0.0,0.0,0.0,655
13,248000,0.280058976793,0.0,0.164569489608,0.0251257296358,0.497545999879,0.0062612348771,0.0264385692068,0.0,0.0,0.0,333
13,249000,0.280049890362,0.0,0.164618077209,0.0250457663602,0.497555774608,0.00627652940111,0.0264539620592,0.0,0.0,0.0,9
13,250000,0.280100987837,0.0,0.164546055664,0.0249464003046,0.497685695393,0.00627166529745,0.0264491955036,0.0,0.0,0.0,630
13,251000,0.280100584749,0.0,0.164687568603,0.0248468277885,0.497655018261,0.00626658949847,0.0264434111002,0.0,0.0,0.0,381
13,252000,0.280065996104,0.0,0.164692084443,0.0247485389417,0.497773625412,0.00626167852741,0.0264580765714,0.0,0.0,0.0,709
13,253000,0.280057025186,0.0,0.164858229051,0.0246713131633,0.49764375099,0.006276730556,0.0264929510534,0.0,0.0,0.0,254
13,254000,0.279913223548,0.0,0.164717483483,0.0245735134602,0.49805739079,0.006271570851,0.0264668178681,0.0,0.0,0.0,222
13,255000,0.27974225994,0.0,0.164505736288,0.0244774477448,0.498565928021,0.00626669809838,0.0264419299073,0.0,0.0,0.0,861
13,256000,0.279664996869,0.0,0.164488102693,0.0243816530996,0.498767219787,0.00626174076393,0.0264362867877,0.0,0.0,0.0,462
13,257000,0.279549352877,0.0,0.164451114923,0.0242866053329,0.499005925464,0.00627631373772,0.0264306876657,0.0,0.0,0.0,400
13,258000,0.279390350451,0.0,0.164547131346,0.024211241627,0.499136006213,0.00627123580235,0.0264440345598,0.0,0.0,0.0,511
13,259000,0.279387305148,0.0,0.164739101845,0.0241364638533,0.499013654121,0.00626619734654,0.0264572776854,0.0,0.0,0.0,120
13,260000,0.279227034525,0.0,0.164611590629,0.0240443896424,0.499422009864,0.00626155980271,0.0264334155364,0.0,0.0,0.0,265
13,261000,0.279378178678,0.0,0.164629114288,0.0239516361194,0.499318683428,0.00627578927166,0.0264465982151,0.0,0.0,0.0,501
13,262000,0.279462373815,0.0,0.164557204038,0.0238605078006,0.499426430101,0.0062710308963,0.0264224533496,0.0,0.0,0.0,347
13,263000,0.279453776711,0.0,0.164514531673,0.0237877575896,0.499542909382,0.00626595055803,0.0264350740868,0.0,0.0,0.0,446
13,264000,0.279428506375,0.0,0.164769277474,0.023698391014,0.499354887675,0.00628035822708,0.026468579235,0.0,0.0,0.0,222
13,265000,0.27912823227,0.0,0.164656736731,0.0236088008468,0.499886587026,0.00627551791925,0.0264441252079,0.0,0.0,0.0,608
13,266000,0.279117940606,0.0,0.164529310962,0.0235203284184,0.500141234958,0.00627083215638,0.0264203528991,0.0,0.0,0.0,640
13,267000,0.278976398634,0.0,0.164327792578,0.0234325166035,0.500600352707,0.00626618138156,0.0263967580954,0.0,0.0,0.0,105
13,268000,0.278888930427,0.0,0.164249130809,0.0233653594527,0.50084115294,0.00626191633332,0.0263935100378,0.0,0.0,0.0,545
13,269000,0.278956288529,0.0,0.164248598514,0.0234853705325,0.500623917457,0.00625779896821,0.0264280259997,0.0,0.0,0.0,303
13,270000,0.27890235078,0.0,0.164220643078,0.0238417722693,0.500324693397,0.00627122103271,0.0264393194426,0.0,0.0,0.0,94
13,271000,0.278703070411,0.0,0.164149583156,0.0237536277428,0.500711684567,0.00626652124887,0.026415512875,0.0,0.0,0.0,308
13,272000,0.278776382187,0.0,0.164131275553,0.0236656967107,0.500736675384,0.00626174076393,0.0264282294007,0.0,0.0,0.0,390
13,273000,0.278822687487,0.0,0.164082426556,0.0235792795934,0.500834908344,0.00625722516836,0.0264234728517,0.0,0.0,0.0,517
13,274000,0.278710102007,0.0,0.164326715659,0.0235091952762,0.50073123469,0.00627033746481,0.0264524149026,0.0,0.0,0.0,154
13,275000,0.278683448389,0.0,0.164313946923,0.0234239813482,0.500883408317,0.00626582393763,0.0264293910858,0.0,0.0,0.0,241
13,276000,0.278493647913,0.0,0.164392014519,0.0233393829401,0.50108892922,0.0062613430127,0.0264246823956,0.0,0.0,0.0,516
13,277000,0.278987341772,0.0,0.164394213382,0.0232549728752,0.500705244123,0.00625678119349,0.0264014466546,0.0,0.0,0.0,147
13,278000,0.279274247311,0.0,0.165618637502,0.0231707536801,0.499306318805,0.00625213960109,0.0263779031008,0.0,0.0,0.0,60
13,279000,0.2792409472,0.0,0.165813899212,0.0230875567764,0.499201091542,0.00626559666792,0.0263909086013,0.0,0.0,0.0,130
13,280000,0.27965510456,0.0,0.166168762634,0.0230228439563,0.498488399134,0.00626106867498,0.0264038210408,0.0,0.0,0.0,430
13,281000,0.280058468065,0.0,0.16693702205,0.0229415854115,0.49740637088,0.00625679602132,0.0263997575714,0.0,0.0,0.0,421
13,282000,0.280289170323,0.0,0.167853780707,0.0228600863248,0.496349846356,0.00625233130251,0.0263947849873,0.0,0.0,0.0,103
13,283000,0.280434705653,0.0,0.168466140394,0.0227795674183,0.49564586357,0.00626570852066,0.026408014443,0.0,0.0,0.0,141
13,284000,0.280551685215,0.0,0.168450942697,0.0227164500256,0.495581932662,0.00626113335332,0.0264378560468,0.0,0.0,0.0,90
13,285000,0.280544815466,0.0,0.168506151142,0.0226362038664,0.495588752197,0.00627416520211,0.0264499121265,0.0,0.0,0.0,261
13,286000,0.280390199478,0.0,0.168514334752,0.0225573127375,0.495840557628,0.00626981208077,0.0264277833237,0.0,0.0,0.0,489
13,287000,0.280266671321,0.0,0.168414806541,0.0224785772876,0.496169217613,0.00626537984956,0.0264053473883,0.0,0.0,0.0,340
13,288000,0.280208695652,0.0,0.1684,0.0224173913043,0.496295652174,0.00626086956522,0.0264173913043,0.0,0.0,0.0,557
13,289000,0.280183021942,0.0,0.16851537315,0.022357794031,0.496221706125,0.0062740476273,0.026448057125,0.0,0.0,0.0,29
13,290000,0.280286020242,0.0,0.168382327542,0.0222805623683,0.4963383882,0.00626964661992,0.0264430550278,0.0,0.0,0.0,239
13,291000,0.280447504303,0.0,0.168382099828,0.0222030981067,0.496247848537,0.00626506024096,0.0264543889845,0.0,0.0,0.0,366
13,292000,0.280661429209,0.0,0.168444886617,0.0221276887715,0.496054753165,0.00626093519503,0.0264503070431,0.0,0.0,0.0,345
13,293000,0.280678962753,0.0,0.168578314901,0.0220509051127,0.495957334063,0.00627339703595,0.0264610861353,0.0,0.0,0.0,377
13,294000,0.280669176647,0.0,0.168571866642,0.0219935603673,0.496005042675,0.00626927204893,0.0264910816198,0.0,0.0,0.0,293
13,295000,0.280615969711,0.0,0.168508803205,0.0219358562964,0.496188390295,0.00626496205369,0.0264860184383,0.0,0.0,0.0,182
13,296000,0.280485947784,0.0,0.168322025008,0.0218778024061,0.496590582224,0.006260469366,0.026463173212,0.0,0.0,0.0,517
13,297000,0.280399993255,0.0,0.168226505455,0.0218040167957,0.49685502774,0.00625621827625,0.0264582384783,0.0,0.0,0.0,755
13,298000,0.280331423001,0.0,0.16813162804,0.0217475336549,0.49706727618,0.006268802205,0.0264533369187,0.0,0.0,0.0,498
13,299000,0.280221805267,0.0,0.16823024861,0.0216779467935,0.497118541848,0.0062654962139,0.0264859612678,0.0,0.0,0.0,239
13,300000,0.28020170649,0.0,0.168378166274,0.0216066389487,0.497036183606,0.00627828148742,0.0264990231929,0.0,0.0,0.0,144
13,301000,0.280063238476,0.0,0.168247628557,0.021534365119,0.497403894159,0.00627392244966,0.0264769512398,0.0,0.0,0.0,724
13,302000,0.279873274947,0.0,0.168225849257,0.021463641189,0.497710987261,0.0062699044586,0.0264563428875,0.0,0.0,0.0,457
13,303000,0.280034386417,0.0,0.168063614872,0.0213923192647,0.497776455223,0.00628213394171,0.0264510902809,0.0,0.0,0.0,243
13,304000,0.280001318196,0.0,0.16806999621,0.0214865955939,0.49770139564,0.00627790868197,0.0264627856778,0.0,0.0,0.0,466
13,305000,0.280029561504,0.0,0.168089998358,0.0219740515684,0.497158810971,0.00627360814584,0.0264739694531,0.0,0.0,0.0,278
13,306000,0.279837613973,0.0,0.167968046621,0.0222953395865,0.497176251044,0.00626954116126,0.0264532076151,0.0,0.0,0.0,309
13,307000,0.279791816224,0.0,0.167966455655,0.0224662272401,0.497063238269,0.00626509169223,0.0264471709195,0.0,0.0,0.0,857
